{
    "$schema": "https://schema.management.azure.com/schemas/2019-04-01/deploymentTemplate.json#",
    "contentVersion": "1.0.0.0",
    "parameters": {
        "sites_lamyapp_name": {
            "defaultValue": "la-myapp",
            "type": "String"
        },
        "serverfarms_aspmyapp_externalid": {
            "defaultValue": "/subscriptions/mysub/resourceGroups/rg-myapp/providers/Microsoft.Web/serverfarms/asp-myapp",
            "type": "String"
        },
        "virtualNetworks_vnet_en_rnd_t1_weu_01_externalid": {
            "defaultValue": "/subscriptions/mysub/resourceGroups/rg-myapp/providers/Microsoft.Network/virtualNetworks/vnet-myapp",
            "type": "String"
        }
    },
    "variables": {},
    "resources": [
        {
            "type": "Microsoft.Web/sites",
            "apiVersion": "2022-09-01",
            "name": "[parameters('sites_lamyapp_name')]",
            "location": "West Europe",
            "tags": {
                "ProductName": "Name",
                "ProductOwner": "Owner",
                "ProductEnvironment": "env"
            },
            "kind": "functionapp,workflowapp",
            "identity": {
                "type": "SystemAssigned"
            },
            "properties": {
                "enabled": true,
                "hostNameSslStates": [
                    {
                        "name": "[concat(parameters('sites_lamyapp_name'), '.azurewebsites.net')]",
                        "sslState": "Disabled",
                        "hostType": "Standard"
                    },
                    {
                        "name": "[concat(parameters('sites_lamyapp_name'), '.scm.azurewebsites.net')]",
                        "sslState": "Disabled",
                        "hostType": "Repository"
                    }
                ],
                "serverFarmId": "[parameters('serverfarms_aspmyapp_externalid')]",
                "reserved": false,
                "isXenon": false,
                "hyperV": false,
                "vnetRouteAllEnabled": true,
                "vnetImagePullEnabled": false,
                "vnetContentShareEnabled": false,
                "siteConfig": {
                    "numberOfWorkers": 1,
                    "acrUseManagedIdentityCreds": false,
                    "alwaysOn": false,
                    "http20Enabled": false,
                    "functionAppScaleLimit": 0,
                    "minimumElasticInstanceCount": 1
                },
                "scmSiteAlsoStopped": false,
                "clientAffinityEnabled": false,
                "clientCertEnabled": false,
                "clientCertMode": "Required",
                "hostNamesDisabled": false,
                "customDomainVerificationId": "",
                "containerSize": 1536,
                "dailyMemoryTimeQuota": 0,
                "httpsOnly": true,
                "redundancyMode": "None",
                "publicNetworkAccess": "Enabled",
                "storageAccountRequired": false,
                "virtualNetworkSubnetId": "[concat(parameters('virtualNetworks_vnet_myapp_externalid'), '/subnets/sn-myapp')]",
                "keyVaultReferenceIdentity": "SystemAssigned"
            }
        },
        {
            "type": "Microsoft.Web/sites/basicPublishingCredentialsPolicies",
            "apiVersion": "2022-09-01",
            "name": "[concat(parameters('sites_lamyapp_name'), '/ftp')]",
            "location": "West Europe",
            "dependsOn": [
                "[resourceId('Microsoft.Web/sites', parameters('sites_lamyapp_name'))]"
            ],
            "tags": {
                "ProductName": "Name",
                "ProductOwner": "Owner",
                "ProductEnvironment": "env"
            },
            "properties": {
                "allow": true
            }
        },
        {
            "type": "Microsoft.Web/sites/basicPublishingCredentialsPolicies",
            "apiVersion": "2022-09-01",
            "name": "[concat(parameters('sites_lamyapp_name'), '/scm')]",
            "location": "West Europe",
            "dependsOn": [
                "[resourceId('Microsoft.Web/sites', parameters('sites_lamyapp_name'))]"
            ],
            "tags": {
                "ProductName": "Name",
                "ProductOwner": "Owner",
                "ProductEnvironment": "env"
            },
            "properties": {
                "allow": true
            }
        },
        {
            "type": "Microsoft.Web/sites/config",
            "apiVersion": "2022-09-01",
            "name": "[concat(parameters('sites_lamyapp_name'), '/web')]",
            "location": "West Europe",
            "dependsOn": [
                "[resourceId('Microsoft.Web/sites', parameters('sites_lamyapp_name'))]"
            ],
            "tags": {
                "ProductName": "Name",
                "ProductOwner": "Owner",
                "ProductEnvironment": "env"
            },
            "properties": {
                "numberOfWorkers": 1,
                "defaultDocuments": [
                    "Default.htm",
                    "Default.html",
                    "Default.asp",
                    "index.htm",
                    "index.html",
                    "iisstart.htm",
                    "default.aspx",
                    "index.php"
                ],
                "netFrameworkVersion": "v6.0",
                "requestTracingEnabled": false,
                "remoteDebuggingEnabled": false,
                "httpLoggingEnabled": false,
                "acrUseManagedIdentityCreds": false,
                "logsDirectorySizeLimit": 35,
                "detailedErrorLoggingEnabled": false,
                "publishingUsername": "$la-myapp",
                "scmType": "None",
                "use32BitWorkerProcess": false,
                "webSocketsEnabled": false,
                "alwaysOn": false,
                "managedPipelineMode": "Integrated",
                "virtualApplications": [
                    {
                        "virtualPath": "/",
                        "physicalPath": "site\\wwwroot",
                        "preloadEnabled": false
                    }
                ],
                "loadBalancing": "LeastRequests",
                "experiments": {
                    "rampUpRules": []
                },
                "autoHealEnabled": false,
                "vnetName": "",
                "vnetRouteAllEnabled": true,
                "vnetPrivatePortsCount": 0,
                "publicNetworkAccess": "Enabled",
                "cors": {
                    "supportCredentials": false
                },
                "localMySqlEnabled": false,
                "managedServiceIdentityId": 46657,
                "ipSecurityRestrictions": [
                    {
                        "ipAddress": "LogicApps",
                        "action": "Allow",
                        "tag": "ServiceTag",
                        "priority": 1,
                        "name": "LogAppAllow",
                        "description": "Allow LogicApps to access"
                    },
                    {
                        "ipAddress": "Any",
                        "action": "Allow",
                        "priority": 2147483647,
                        "name": "Allow all",
                        "description": "Allow all access"
                    }
                ],
                "ipSecurityRestrictionsDefaultAction": "Allow",
                "scmIpSecurityRestrictions": [
                    {
                        "ipAddress": "Any",
                        "action": "Deny",
                        "priority": 2147483647,
                        "name": "Deny all",
                        "description": "Deny all access"
                    }
                ],
                "scmIpSecurityRestrictionsDefaultAction": "Deny",
                "scmIpSecurityRestrictionsUseMain": true,
                "http20Enabled": false,
                "minTlsVersion": "1.2",
                "scmMinTlsVersion": "1.2",
                "ftpsState": "FtpsOnly",
                "preWarmedInstanceCount": 1,
                "functionAppScaleLimit": 0,
                "functionsRuntimeScaleMonitoringEnabled": true,
                "minimumElasticInstanceCount": 1,
                "azureStorageAccounts": {}
            }
        },
        {
            "type": "Microsoft.Web/sites/hostNameBindings",
            "apiVersion": "2022-09-01",
            "name": "[concat(parameters('sites_lamyapp_name'), '/', parameters('sites_lamyapp_name'), '.azurewebsites.net')]",
            "location": "West Europe",
            "dependsOn": [
                "[resourceId('Microsoft.Web/sites', parameters('sites_lamyapp_name'))]"
            ],
            "properties": {
                "siteName": "la-myapp",
                "hostNameType": "Verified"
            }
        },
        {
            "type": "Microsoft.Web/sites/virtualNetworkConnections",
            "apiVersion": "2022-09-01",
            "name": "[concat(parameters('sites_lamyapp_name'), '/myapp')]",
            "location": "West Europe",
            "dependsOn": [
                "[resourceId('Microsoft.Web/sites', parameters('sites_lamyapp_name'))]"
            ],
            "properties": {
                "vnetResourceId": "[concat(parameters('virtualNetworks_vnet_myapp_externalid'), '/subnets/sn-myapp')]",
                "isSwift": true
            }
        }
    ]
}